Team,Week,RF,LTDD,LTDD_Measurable,CFR,MTTR,Priv_Access,CI,CD,IaC,Rollback,Self_Service,CFR_Reported,Automation_Audited,Critical_Data_Present,Stack,Business Unit,Week_Start,DPI,Tier,RF_Score,Flow_Score,CFR_Score,MTTR_Score,Priv_Score,Automation_Score,Stability_Score,Data_Quality_Flags
Team 1,2026-01-26,167,24.5,0.88,0.23,0.5,0,True,True,True,True,True,True,True,True,Legacy,BU A,2026-01-26,51,Emerging,18,5,1,7,0,20,8,['LTDD_Measurability<90% -> Flow capped']
Team 2,2026-01-26,191,22.7,0.94,0.26,3.0,2,False,False,False,True,True,True,True,True,Cloud Native,BU A,2026-01-26,42,Needs Support,25,5,1,1,4,6,6,[]
Team 3,2026-01-26,239,8.1,0.86,0.08,2.6,1,True,False,True,True,False,True,True,True,Hybrid,BU C,2026-01-26,57,Emerging,25,10,7,1,2,12,10,['LTDD_Measurability<90% -> Flow capped']
Team 4,2026-01-26,123,23.1,0.99,0.2,1.4,0,False,False,True,False,False,True,True,True,Cloud Native,BU A,2026-01-26,35,Needs Support,18,5,4,4,0,4,8,[]
Team 5,2026-01-26,64,17.2,0.87,0.08,1.4,1,False,False,False,True,True,True,True,True,Cloud Native,BU A,2026-01-26,39,Needs Support,10,10,7,4,2,6,13,['LTDD_Measurability<90% -> Flow capped']
Team 6,2026-01-26,280,16.1,0.89,0.11,2.4,0,False,False,True,False,False,True,True,True,Legacy,BU A,2026-01-26,51,Emerging,32,10,4,1,0,4,5,['LTDD_Measurability<90% -> Flow capped']
Team 7,2026-01-26,83,2.0,0.87,0.23,2.6,0,False,False,True,True,True,True,True,True,Hybrid,BU C,2026-01-26,32,Needs Support,10,10,1,1,0,10,2,['LTDD_Measurability<90% -> Flow capped']
Team 8,2026-01-26,198,9.9,0.87,0.26,2.6,0,False,False,False,True,False,True,True,True,Hybrid,BU B,2026-01-26,40,Needs Support,25,10,1,1,0,3,2,['LTDD_Measurability<90% -> Flow capped']
Team 9,2026-01-26,134,4.4,0.93,0.09,1.2,3,True,False,True,False,False,True,True,True,Cloud Native,BU A,2026-01-26,64,Emerging,18,20,7,4,6,9,17,[]
Team 10,2026-01-26,135,2.8,0.88,0.08,1.5,3,False,True,True,True,True,True,True,True,Cloud Native,BU C,2026-01-26,60,Emerging,18,10,7,4,6,15,17,['LTDD_Measurability<90% -> Flow capped']
Team 11,2026-01-26,103,7.5,0.86,0.15,0.7,1,False,True,True,False,False,True,True,True,Cloud Native,BU B,2026-01-26,50,Emerging,18,10,4,7,2,9,13,['LTDD_Measurability<90% -> Flow capped']
Team 12,2026-01-26,344,18.8,0.98,0.04,2.0,2,True,True,False,False,True,True,True,True,Hybrid,BU A,2026-01-26,73,Advanced,35,10,7,4,4,13,15,[]
Team 13,2026-01-26,266,17.7,0.95,0.26,1.5,0,True,True,True,True,True,True,True,True,Hybrid,BU A,2026-01-26,67,Emerging,32,10,1,4,0,20,5,[]
Team 14,2026-01-26,238,22.9,0.95,0.26,0.9,1,False,False,True,True,True,True,True,True,Legacy,BU A,2026-01-26,50,Emerging,25,5,1,7,2,10,10,[]
Team 15,2026-01-26,282,2.8,0.96,0.19,2.5,2,True,False,True,False,True,True,True,True,Cloud Native,BU C,2026-01-26,73,Advanced,32,20,4,1,4,12,9,[]
Team 16,2026-01-26,231,8.9,0.87,0.29,2.0,2,True,False,False,True,True,True,True,True,Cloud Native,BU B,2026-01-26,55,Emerging,25,10,1,4,4,11,9,['LTDD_Measurability<90% -> Flow capped']
Team 17,2026-01-26,325,14.7,0.85,0.29,2.1,1,False,True,False,True,True,True,True,True,Cloud Native,BU B,2026-01-26,60,Emerging,35,10,1,1,2,11,4,['LTDD_Measurability<90% -> Flow capped']
Team 18,2026-01-26,195,17.6,0.99,0.24,2.9,3,False,True,False,False,True,True,True,True,Legacy,BU B,2026-01-26,51,Emerging,25,10,1,1,6,8,8,[]
Team 19,2026-01-26,110,2.9,0.86,0.06,1.7,1,True,False,False,True,False,True,True,True,Legacy,BU B,2026-01-26,49,Needs Support,18,10,7,4,2,8,13,['LTDD_Measurability<90% -> Flow capped']
Team 20,2026-01-26,204,17.4,0.92,0.25,2.8,2,True,True,False,False,True,True,True,True,Legacy,BU B,2026-01-26,54,Emerging,25,10,1,1,4,13,6,[]
Team 21,2026-01-26,348,14.0,0.96,0.21,0.7,3,False,False,True,True,True,True,True,True,Hybrid,BU A,2026-01-26,69,Emerging,35,10,1,7,6,10,14,[]
Team 22,2026-01-26,247,23.0,0.89,0.06,1.3,0,True,True,True,False,False,True,True,True,Legacy,BU C,2026-01-26,55,Emerging,25,5,7,4,0,14,11,['LTDD_Measurability<90% -> Flow capped']
Team 23,2026-01-26,293,22.3,0.96,0.18,2.2,1,False,True,True,False,False,True,True,True,Legacy,BU B,2026-01-26,53,Emerging,32,5,4,1,2,9,7,[]
Team 24,2026-01-26,327,5.3,0.98,0.06,1.3,1,False,False,False,True,False,True,True,True,Legacy,BU C,2026-01-26,66,Emerging,35,15,7,4,2,3,13,[]
Team 25,2026-01-26,136,16.6,0.96,0.02,2.7,2,False,True,False,False,False,True,True,True,Legacy,BU C,2026-01-26,45,Needs Support,18,10,7,1,4,5,12,[]
Team 26,2026-01-26,84,22.7,1.0,0.11,0.8,3,False,True,False,True,False,True,True,True,Hybrid,BU C,2026-01-26,40,Needs Support,10,5,4,7,6,8,17,[]
Team 27,2026-01-26,36,24.4,0.86,0.24,3.0,1,True,True,True,True,False,True,True,True,Cloud Native,BU A,2026-01-26,31,Needs Support,5,5,1,1,2,17,4,['LTDD_Measurability<90% -> Flow capped']
Team 28,2026-01-26,339,7.8,0.87,0.23,2.6,2,False,False,True,False,False,True,True,True,Cloud Native,BU B,2026-01-26,55,Emerging,35,10,1,1,4,4,6,['LTDD_Measurability<90% -> Flow capped']
Team 29,2026-01-26,259,18.8,0.99,0.01,2.7,1,False,True,False,True,False,True,True,True,Cloud Native,BU A,2026-01-26,60,Emerging,32,10,7,1,2,8,10,[]
Team 30,2026-01-26,111,2.2,0.94,0.18,0.7,2,True,False,True,True,True,True,True,True,Cloud Native,BU B,2026-01-26,68,Emerging,18,20,4,7,4,15,15,[]
Team 31,2026-01-26,181,12.4,0.98,0.21,0.8,1,True,False,True,True,False,True,True,True,Cloud Native,BU B,2026-01-26,57,Emerging,25,10,1,7,2,12,10,[]
Team 32,2026-01-26,312,13.4,0.88,0.22,2.4,0,False,True,True,True,False,True,True,True,Legacy,BU C,2026-01-26,59,Emerging,35,10,1,1,0,12,2,['LTDD_Measurability<90% -> Flow capped']
Team 33,2026-01-26,178,10.6,0.89,0.15,1.8,0,True,True,False,False,True,True,True,True,Legacy,BU B,2026-01-26,49,Needs Support,18,10,4,4,0,13,8,['LTDD_Measurability<90% -> Flow capped']
Team 34,2026-01-26,167,12.4,0.98,0.09,0.9,2,True,False,True,False,False,True,True,True,Cloud Native,BU B,2026-01-26,55,Emerging,18,10,7,7,4,9,18,[]
Team 35,2026-01-26,50,23.4,0.91,0.07,2.8,0,True,True,True,True,False,True,True,True,Cloud Native,BU B,2026-01-26,35,Needs Support,5,5,7,1,0,17,8,[]
Team 36,2026-01-26,330,18.0,0.95,0.25,1.5,2,False,True,False,False,False,True,True,True,Cloud Native,BU A,2026-01-26,59,Emerging,35,10,1,4,4,5,9,[]
Team 37,2026-01-26,285,22.8,0.94,0.14,2.9,2,False,False,True,True,True,True,True,True,Hybrid,BU B,2026-01-26,56,Emerging,32,5,4,1,4,10,9,[]
Team 38,2026-01-26,225,8.6,0.99,0.07,2.0,1,False,False,False,False,True,True,True,True,Hybrid,BU A,2026-01-26,56,Emerging,25,15,7,4,2,3,13,[]
Team 39,2026-01-26,133,8.3,0.91,0.02,1.6,1,True,False,True,True,False,True,True,True,Cloud Native,BU B,2026-01-26,58,Emerging,18,15,7,4,2,12,13,[]
Team 40,2026-01-26,51,2.0,0.87,0.14,3.0,0,False,False,False,True,True,True,True,True,Hybrid,BU B,2026-01-26,31,Needs Support,10,10,4,1,0,6,5,['LTDD_Measurability<90% -> Flow capped']
Team 41,2026-01-26,268,24.9,0.95,0.18,0.7,3,False,True,True,True,True,True,True,True,Cloud Native,BU B,2026-01-26,69,Emerging,32,5,4,7,6,15,17,[]
Team 42,2026-01-26,58,22.0,0.86,0.1,1.3,3,False,False,False,False,True,True,True,True,Legacy,BU C,2026-01-26,32,Needs Support,10,5,4,4,6,3,14,['LTDD_Measurability<90% -> Flow capped']
Team 43,2026-01-26,76,1.6,0.99,0.04,2.5,2,False,True,True,True,False,True,True,True,Hybrid,BU B,2026-01-26,59,Emerging,10,25,7,1,4,12,12,[]
Team 44,2026-01-26,120,7.0,0.85,0.12,2.1,0,False,False,False,False,False,True,True,True,Cloud Native,BU C,2026-01-26,33,Needs Support,18,10,4,1,0,0,5,['LTDD_Measurability<90% -> Flow capped']
Team 45,2026-01-26,348,6.7,0.89,0.25,1.3,0,False,False,False,True,False,True,True,True,Legacy,BU B,2026-01-26,53,Emerging,35,10,1,4,0,3,5,['LTDD_Measurability<90% -> Flow capped']
Team 46,2026-01-26,330,5.3,0.98,0.26,0.9,0,True,True,False,True,False,True,True,True,Legacy,BU A,2026-01-26,71,Advanced,35,15,1,7,0,13,8,[]
Team 47,2026-01-26,217,3.3,0.94,0.14,2.2,2,True,True,False,True,False,True,True,True,Legacy,BU A,2026-01-26,67,Emerging,25,20,4,1,4,13,9,[]
Team 48,2026-01-26,295,23.2,0.95,0.04,2.1,1,True,False,True,False,False,True,True,True,Cloud Native,BU B,2026-01-26,56,Emerging,32,5,7,1,2,9,10,[]
Team 49,2026-01-26,313,24.5,0.91,0.27,2.5,0,True,False,True,True,False,True,True,True,Legacy,BU A,2026-01-26,54,Emerging,35,5,1,1,0,12,2,[]
Team 50,2026-01-26,158,8.4,0.93,0.17,1.4,3,False,False,False,True,True,True,True,True,Cloud Native,BU C,2026-01-26,53,Emerging,18,15,4,4,6,6,14,[]
Team 51,2026-01-26,256,7.0,0.86,0.05,2.7,2,True,False,True,False,True,True,True,True,Legacy,BU B,2026-01-26,66,Emerging,32,10,7,1,4,12,12,['LTDD_Measurability<90% -> Flow capped']
Team 52,2026-01-26,343,22.5,0.87,0.29,0.7,0,False,True,False,True,True,True,True,True,Hybrid,BU C,2026-01-26,59,Emerging,35,5,1,7,0,11,8,['LTDD_Measurability<90% -> Flow capped']
Team 53,2026-01-26,186,13.6,0.91,0.29,1.8,2,True,True,False,False,True,True,True,True,Legacy,BU A,2026-01-26,57,Emerging,25,10,1,4,4,13,9,[]
Team 54,2026-01-26,212,6.9,0.91,0.25,1.9,2,True,False,False,True,False,True,True,True,Hybrid,BU C,2026-01-26,57,Emerging,25,15,1,4,4,8,9,[]
Team 55,2026-01-26,11,21.0,0.94,0.26,1.9,1,False,False,False,False,False,True,True,True,Legacy,BU B,2026-01-26,17,Needs Support,5,5,1,4,2,0,7,[]
Team 56,2026-01-26,228,14.8,0.99,0.12,1.5,1,True,False,True,True,True,True,True,True,Cloud Native,BU B,2026-01-26,60,Emerging,25,10,4,4,2,15,10,[]
Team 57,2026-01-26,221,15.3,0.85,0.26,1.9,0,False,True,False,True,False,True,True,True,Legacy,BU C,2026-01-26,48,Needs Support,25,10,1,4,0,8,5,['LTDD_Measurability<90% -> Flow capped']
Team 58,2026-01-26,340,21.9,0.97,0.07,2.1,2,True,True,True,True,False,True,True,True,Cloud Native,BU B,2026-01-26,69,Emerging,35,5,7,1,4,17,12,[]
Team 59,2026-01-26,236,1.3,0.94,0.14,2.1,3,True,False,False,True,False,True,True,True,Legacy,BU A,2026-01-26,69,Emerging,25,25,4,1,6,8,11,[]
Team 60,2026-01-26,73,7.9,0.89,0.27,0.5,2,False,True,False,True,False,True,True,True,Legacy,BU C,2026-01-26,40,Needs Support,10,10,1,7,4,8,12,['LTDD_Measurability<90% -> Flow capped']
Team 61,2026-01-26,336,4.9,0.92,0.02,1.6,0,False,True,False,True,True,True,True,True,Legacy,BU C,2026-01-26,77,Advanced,35,20,7,4,0,11,11,[]
Team 62,2026-01-26,69,5.9,0.89,0.27,1.3,3,False,True,True,True,True,True,True,True,Hybrid,BU B,2026-01-26,46,Needs Support,10,10,1,4,6,15,11,['LTDD_Measurability<90% -> Flow capped']
Team 63,2026-01-26,183,11.0,0.96,0.15,0.8,2,True,True,False,True,True,True,True,True,Hybrid,BU B,2026-01-26,66,Emerging,25,10,4,7,4,16,15,[]
Team 64,2026-01-26,114,16.1,0.98,0.12,0.7,1,False,False,True,True,False,True,True,True,Cloud Native,BU A,2026-01-26,48,Needs Support,18,10,4,7,2,7,13,[]
Team 65,2026-01-26,308,7.6,0.85,0.24,2.2,1,False,False,True,True,True,True,True,True,Hybrid,BU B,2026-01-26,59,Emerging,35,10,1,1,2,10,4,['LTDD_Measurability<90% -> Flow capped']
Team 66,2026-01-26,221,23.1,0.89,0.18,0.8,3,True,False,False,False,True,True,True,True,Legacy,BU C,2026-01-26,55,Emerging,25,5,4,7,6,8,17,['LTDD_Measurability<90% -> Flow capped']
Team 67,2026-01-26,59,12.5,0.94,0.03,2.9,2,False,True,True,False,False,True,True,True,Legacy,BU A,2026-01-26,41,Needs Support,10,10,7,1,4,9,12,[]
Team 68,2026-01-26,278,20.4,0.95,0.09,1.7,2,False,True,True,False,True,True,True,True,Cloud Native,BU B,2026-01-26,64,Emerging,32,5,7,4,4,12,15,[]
Team 69,2026-01-26,199,24.3,0.97,0.12,2.0,1,False,True,False,True,False,True,True,True,Cloud Native,BU A,2026-01-26,48,Needs Support,25,5,4,4,2,8,10,[]
Team 70,2026-01-26,84,24.8,0.9,0.17,1.0,1,True,True,False,False,True,True,True,True,Legacy,BU B,2026-01-26,38,Needs Support,10,5,4,4,2,13,10,[]
Team 1,2026-02-02,244,12.0,0.92,0.18,1.3,0,True,True,True,True,True,True,True,True,Hybrid,BU B,2026-02-02,63,Emerging,25,10,4,4,0,20,8,[]
Team 2,2026-02-02,31,13.4,0.88,0.13,1.4,1,False,False,True,True,False,True,True,True,Hybrid,BU C,2026-02-02,32,Needs Support,5,10,4,4,2,7,10,['LTDD_Measurability<90% -> Flow capped']
Team 3,2026-02-02,262,17.2,0.93,0.25,2.5,1,True,True,True,True,False,True,True,True,Cloud Native,BU A,2026-02-02,63,Emerging,32,10,1,1,2,17,4,[]
Team 4,2026-02-02,125,17.0,0.89,0.24,1.0,0,False,False,True,False,True,True,True,True,Hybrid,BU A,2026-02-02,40,Needs Support,18,10,1,4,0,7,5,['LTDD_Measurability<90% -> Flow capped']
Team 5,2026-02-02,99,1.8,0.89,0.28,1.1,0,False,False,True,False,True,True,True,True,Cloud Native,BU A,2026-02-02,32,Needs Support,10,10,1,4,0,7,5,['LTDD_Measurability<90% -> Flow capped']
Team 6,2026-02-02,246,20.8,0.93,0.08,1.5,1,False,True,True,False,True,True,True,True,Legacy,BU C,2026-02-02,55,Emerging,25,5,7,4,2,12,13,[]
Team 7,2026-02-02,168,10.5,0.88,0.28,0.6,0,True,True,True,False,True,True,True,True,Legacy,BU C,2026-02-02,53,Emerging,18,10,1,7,0,17,8,['LTDD_Measurability<90% -> Flow capped']
Team 8,2026-02-02,92,7.9,0.93,0.03,2.5,2,True,True,True,False,False,True,True,True,Hybrid,BU B,2026-02-02,51,Emerging,10,15,7,1,4,14,12,[]
Team 9,2026-02-02,223,18.0,0.95,0.2,0.6,0,False,False,False,False,True,True,True,True,Cloud Native,BU A,2026-02-02,49,Needs Support,25,10,4,7,0,3,11,[]
Team 10,2026-02-02,114,21.2,0.86,0.19,1.0,0,False,True,False,False,True,True,True,True,Cloud Native,BU B,2026-02-02,39,Needs Support,18,5,4,4,0,8,8,['LTDD_Measurability<90% -> Flow capped']
Team 11,2026-02-02,245,24.8,0.89,0.2,0.9,3,False,False,True,True,True,True,True,True,Cloud Native,BU A,2026-02-02,57,Emerging,25,5,4,7,6,10,17,['LTDD_Measurability<90% -> Flow capped']
Team 12,2026-02-02,248,16.6,0.86,0.05,0.6,2,True,False,False,True,False,True,True,True,Cloud Native,BU B,2026-02-02,61,Emerging,25,10,7,7,4,8,18,['LTDD_Measurability<90% -> Flow capped']
Team 13,2026-02-02,215,7.5,0.91,0.19,1.8,1,True,True,False,False,False,True,True,True,Cloud Native,BU A,2026-02-02,60,Emerging,25,15,4,4,2,10,10,[]
Team 14,2026-02-02,121,23.0,0.85,0.17,0.9,1,False,True,True,False,True,True,True,True,Legacy,BU A,2026-02-02,48,Needs Support,18,5,4,7,2,12,13,['LTDD_Measurability<90% -> Flow capped']
Team 15,2026-02-02,78,23.9,0.99,0.01,1.0,1,True,True,False,False,False,True,True,True,Cloud Native,BU B,2026-02-02,38,Needs Support,10,5,7,4,2,10,13,[]
Team 16,2026-02-02,177,21.7,0.89,0.24,0.9,1,True,True,False,False,False,True,True,True,Hybrid,BU B,2026-02-02,43,Needs Support,18,5,1,7,2,10,10,['LTDD_Measurability<90% -> Flow capped']
Team 17,2026-02-02,125,2.6,0.91,0.27,0.7,0,False,True,True,True,False,True,True,True,Cloud Native,BU C,2026-02-02,58,Emerging,18,20,1,7,0,12,8,[]
Team 18,2026-02-02,12,11.3,0.98,0.11,1.6,1,True,False,True,True,False,True,True,True,Legacy,BU B,2026-02-02,37,Needs Support,5,10,4,4,2,12,10,[]
Team 19,2026-02-02,194,11.5,0.96,0.21,2.3,3,False,True,False,False,True,True,True,True,Cloud Native,BU C,2026-02-02,51,Emerging,25,10,1,1,6,8,8,[]
Team 20,2026-02-02,333,19.0,1.0,0.02,1.7,0,True,True,False,True,False,True,True,True,Cloud Native,BU A,2026-02-02,69,Emerging,35,10,7,4,0,13,11,[]
Team 21,2026-02-02,274,7.5,0.97,0.22,2.9,0,True,False,False,True,True,True,True,True,Cloud Native,BU A,2026-02-02,60,Emerging,32,15,1,1,0,11,2,[]
Team 22,2026-02-02,35,10.9,0.96,0.11,2.4,3,False,False,True,True,True,True,True,True,Cloud Native,BU B,2026-02-02,36,Needs Support,5,10,4,1,6,10,11,[]
Team 23,2026-02-02,160,3.5,0.93,0.09,1.6,3,False,True,True,True,False,True,True,True,Cloud Native,BU C,2026-02-02,67,Emerging,18,20,7,4,6,12,17,[]
Team 24,2026-02-02,125,11.2,1.0,0.21,1.3,2,False,True,False,False,True,True,True,True,Legacy,BU C,2026-02-02,45,Needs Support,18,10,1,4,4,8,9,[]
Team 25,2026-02-02,126,20.6,0.92,0.05,2.9,0,False,True,False,True,False,True,True,True,Legacy,BU B,2026-02-02,39,Needs Support,18,5,7,1,0,8,8,[]
Team 26,2026-02-02,36,1.2,0.85,0.07,2.1,3,True,False,False,False,True,True,True,True,Legacy,BU A,2026-02-02,37,Needs Support,5,10,7,1,6,8,14,['LTDD_Measurability<90% -> Flow capped']
Team 27,2026-02-02,162,9.1,0.88,0.15,1.5,0,False,False,True,False,True,True,True,True,Cloud Native,BU B,2026-02-02,43,Needs Support,18,10,4,4,0,7,8,['LTDD_Measurability<90% -> Flow capped']
Team 28,2026-02-02,328,15.0,0.98,0.18,2.2,0,True,True,False,False,True,True,True,True,Legacy,BU B,2026-02-02,63,Emerging,35,10,4,1,0,13,5,[]
Team 29,2026-02-02,208,22.1,0.88,0.04,0.7,0,True,True,True,False,True,True,True,True,Cloud Native,BU C,2026-02-02,61,Emerging,25,5,7,7,0,17,14,['LTDD_Measurability<90% -> Flow capped']
Team 30,2026-02-02,32,15.3,0.98,0.15,1.9,1,True,False,False,False,False,True,True,True,Legacy,BU A,2026-02-02,30,Needs Support,5,10,4,4,2,5,10,[]
Team 31,2026-02-02,108,8.0,0.97,0.14,1.1,1,True,False,True,False,True,True,True,True,Cloud Native,BU A,2026-02-02,55,Emerging,18,15,4,4,2,12,10,[]
Team 32,2026-02-02,282,4.9,0.92,0.06,0.8,1,True,False,False,False,False,True,True,True,Hybrid,BU B,2026-02-02,73,Advanced,32,20,7,7,2,5,16,[]
Team 33,2026-02-02,18,5.1,0.86,0.22,2.2,3,True,True,True,False,True,True,True,True,Hybrid,BU A,2026-02-02,40,Needs Support,5,10,1,1,6,17,8,['LTDD_Measurability<90% -> Flow capped']
Team 34,2026-02-02,306,15.5,0.96,0.27,2.7,2,False,False,True,True,True,True,True,True,Legacy,BU A,2026-02-02,61,Emerging,35,10,1,1,4,10,6,[]
Team 35,2026-02-02,264,16.1,0.94,0.02,2.3,0,False,False,False,False,True,True,True,True,Hybrid,BU A,2026-02-02,53,Emerging,32,10,7,1,0,3,8,[]
Team 36,2026-02-02,107,11.0,0.88,0.07,1.4,3,False,False,True,False,False,True,True,True,Cloud Native,BU B,2026-02-02,49,Needs Support,18,10,7,4,6,4,17,['LTDD_Measurability<90% -> Flow capped']
Team 37,2026-02-02,25,12.9,0.92,0.09,0.6,1,False,True,False,False,False,True,True,True,Legacy,BU A,2026-02-02,36,Needs Support,5,10,7,7,2,5,16,[]
Team 38,2026-02-02,221,16.0,0.98,0.17,1.0,1,False,True,False,False,True,True,True,True,Cloud Native,BU A,2026-02-02,53,Emerging,25,10,4,4,2,8,10,[]
Team 39,2026-02-02,14,12.3,0.88,0.03,1.9,1,False,True,False,True,True,True,True,True,Legacy,BU A,2026-02-02,39,Needs Support,5,10,7,4,2,11,13,['LTDD_Measurability<90% -> Flow capped']
Team 40,2026-02-02,14,12.9,0.91,0.21,3.0,3,False,False,False,False,False,True,True,True,Legacy,BU C,2026-02-02,23,Needs Support,5,10,1,1,6,0,8,[]
Team 41,2026-02-02,34,11.0,0.87,0.12,1.8,1,False,True,False,True,True,True,True,True,Cloud Native,BU A,2026-02-02,36,Needs Support,5,10,4,4,2,11,10,['LTDD_Measurability<90% -> Flow capped']
Team 42,2026-02-02,35,20.5,0.89,0.03,2.4,0,False,True,False,True,False,True,True,True,Cloud Native,BU B,2026-02-02,26,Needs Support,5,5,7,1,0,8,8,['LTDD_Measurability<90% -> Flow capped']
Team 43,2026-02-02,330,15.7,0.89,0.27,1.1,0,False,False,False,True,True,True,True,True,Legacy,BU A,2026-02-02,56,Emerging,35,10,1,4,0,6,5,['LTDD_Measurability<90% -> Flow capped']
Team 44,2026-02-02,284,21.9,1.0,0.24,2.6,1,True,True,False,False,False,True,True,True,Hybrid,BU B,2026-02-02,51,Emerging,32,5,1,1,2,10,4,[]
Team 45,2026-02-02,278,21.9,0.92,0.17,2.9,2,False,True,False,False,True,True,True,True,Cloud Native,BU C,2026-02-02,54,Emerging,32,5,4,1,4,8,9,[]
Team 46,2026-02-02,189,3.9,0.91,0.14,2.1,1,True,True,True,True,False,True,True,True,Legacy,BU B,2026-02-02,69,Emerging,25,20,4,1,2,17,7,[]
Team 47,2026-02-02,112,7.4,0.96,0.16,0.7,2,False,False,False,False,False,True,True,True,Legacy,BU A,2026-02-02,48,Needs Support,18,15,4,7,4,0,15,[]
Team 48,2026-02-02,183,16.1,0.99,0.21,2.2,3,False,True,True,True,True,True,True,True,Legacy,BU B,2026-02-02,58,Emerging,25,10,1,1,6,15,8,[]
Team 49,2026-02-02,231,9.8,0.96,0.13,2.1,0,True,True,False,False,True,True,True,True,Legacy,BU A,2026-02-02,58,Emerging,25,15,4,1,0,13,5,[]
Team 50,2026-02-02,219,8.5,0.96,0.21,1.4,3,True,False,False,True,True,True,True,True,Cloud Native,BU B,2026-02-02,62,Emerging,25,15,1,4,6,11,11,[]
Team 51,2026-02-02,149,11.2,0.98,0.11,1.7,2,True,True,True,False,True,True,True,True,Hybrid,BU B,2026-02-02,57,Emerging,18,10,4,4,4,17,12,[]
Team 52,2026-02-02,347,19.2,0.9,0.1,1.6,0,False,True,False,True,True,True,True,True,Hybrid,BU C,2026-02-02,64,Emerging,35,10,4,4,0,11,8,[]
Team 53,2026-02-02,327,22.9,0.88,0.06,2.4,3,True,True,True,False,True,True,True,True,Legacy,BU A,2026-02-02,71,Advanced,35,5,7,1,6,17,14,['LTDD_Measurability<90% -> Flow capped']
Team 54,2026-02-02,139,9.1,0.99,0.15,2.8,0,False,False,True,False,False,True,True,True,Hybrid,BU C,2026-02-02,42,Needs Support,18,15,4,1,0,4,5,[]
Team 55,2026-02-02,168,8.5,0.87,0.27,0.6,0,False,True,True,False,True,True,True,True,Hybrid,BU C,2026-02-02,48,Needs Support,18,10,1,7,0,12,8,['LTDD_Measurability<90% -> Flow capped']
Team 56,2026-02-02,193,12.9,0.99,0.07,2.4,1,False,True,True,True,True,True,True,True,Hybrid,BU C,2026-02-02,60,Emerging,25,10,7,1,2,15,10,[]
Team 57,2026-02-02,183,8.4,1.0,0.24,2.4,0,False,False,False,True,False,True,True,True,Legacy,BU B,2026-02-02,45,Needs Support,25,15,1,1,0,3,2,[]
Team 58,2026-02-02,11,6.1,0.95,0.1,1.7,1,True,True,False,True,False,True,True,True,Hybrid,BU B,2026-02-02,43,Needs Support,5,15,4,4,2,13,10,[]
Team 59,2026-02-02,134,19.7,0.9,0.2,1.0,2,True,False,False,True,True,True,True,True,Legacy,BU B,2026-02-02,51,Emerging,18,10,4,4,4,11,12,[]
Team 60,2026-02-02,219,3.9,0.92,0.2,1.2,2,False,False,True,True,True,True,True,True,Legacy,BU A,2026-02-02,67,Emerging,25,20,4,4,4,10,12,[]
Team 61,2026-02-02,218,18.8,0.87,0.02,2.2,1,False,False,True,True,False,True,True,True,Cloud Native,BU C,2026-02-02,52,Emerging,25,10,7,1,2,7,10,['LTDD_Measurability<90% -> Flow capped']
Team 62,2026-02-02,184,7.2,0.88,0.04,1.3,0,False,True,True,False,False,True,True,True,Hybrid,BU A,2026-02-02,55,Emerging,25,10,7,4,0,9,11,['LTDD_Measurability<90% -> Flow capped']
Team 63,2026-02-02,217,10.2,0.99,0.04,2.7,0,False,False,False,True,True,True,True,True,Hybrid,BU C,2026-02-02,49,Needs Support,25,10,7,1,0,6,8,[]
Team 64,2026-02-02,283,20.0,0.86,0.08,3.0,3,False,True,False,True,True,True,True,True,Hybrid,BU C,2026-02-02,67,Emerging,32,10,7,1,6,11,14,['LTDD_Measurability<90% -> Flow capped']
Team 65,2026-02-02,103,3.6,0.92,0.06,2.4,3,False,True,True,True,False,True,True,True,Cloud Native,BU B,2026-02-02,64,Emerging,18,20,7,1,6,12,14,[]
Team 66,2026-02-02,60,2.5,0.89,0.12,2.4,2,False,False,True,False,False,True,True,True,Hybrid,BU C,2026-02-02,33,Needs Support,10,10,4,1,4,4,9,['LTDD_Measurability<90% -> Flow capped']
Team 67,2026-02-02,112,17.8,0.99,0.2,2.3,3,False,True,True,True,False,True,True,True,Hybrid,BU B,2026-02-02,51,Emerging,18,10,4,1,6,12,11,[]
Team 68,2026-02-02,26,1.2,0.98,0.1,2.2,2,False,False,False,True,True,True,True,True,Legacy,BU B,2026-02-02,45,Needs Support,5,25,4,1,4,6,9,[]
Team 69,2026-02-02,101,20.1,0.97,0.28,2.9,2,True,False,False,True,True,True,True,True,Legacy,BU A,2026-02-02,40,Needs Support,18,5,1,1,4,11,6,[]
Team 70,2026-02-02,73,22.1,0.98,0.23,0.8,0,False,False,False,True,True,True,True,True,Hybrid,BU A,2026-02-02,29,Needs Support,10,5,1,7,0,6,8,[]
Team 1,2026-02-09,306,15.3,0.85,0.22,2.4,0,True,True,False,False,False,True,True,True,Legacy,BU C,2026-02-09,57,Emerging,35,10,1,1,0,10,2,['LTDD_Measurability<90% -> Flow capped']
Team 2,2026-02-09,295,16.5,0.98,0.27,2.9,1,True,True,True,True,True,True,True,True,Hybrid,BU A,2026-02-09,66,Emerging,32,10,1,1,2,20,4,[]
Team 3,2026-02-09,316,24.3,0.98,0.06,0.7,3,False,True,False,True,True,True,True,True,Cloud Native,BU A,2026-02-09,71,Advanced,35,5,7,7,6,11,20,[]
Team 4,2026-02-09,84,14.2,0.86,0.09,1.4,3,False,True,False,False,False,True,True,True,Cloud Native,BU C,2026-02-09,42,Needs Support,10,10,7,4,6,5,17,['LTDD_Measurability<90% -> Flow capped']
Team 5,2026-02-09,61,3.6,0.95,0.26,1.5,1,False,True,False,True,True,True,True,True,Hybrid,BU B,2026-02-09,48,Needs Support,10,20,1,4,2,11,7,[]
Team 6,2026-02-09,93,14.1,0.89,0.04,2.7,0,True,True,True,False,False,True,True,True,Hybrid,BU A,2026-02-09,42,Needs Support,10,10,7,1,0,14,8,['LTDD_Measurability<90% -> Flow capped']
Team 7,2026-02-09,197,7.4,0.99,0.24,1.3,1,True,False,True,False,False,True,True,True,Cloud Native,BU C,2026-02-09,56,Emerging,25,15,1,4,2,9,7,[]
Team 8,2026-02-09,214,9.7,0.9,0.04,2.9,1,True,True,True,True,True,True,True,True,Cloud Native,BU C,2026-02-09,70,Advanced,25,15,7,1,2,20,10,[]
Team 9,2026-02-09,218,17.5,0.96,0.23,1.4,2,True,True,True,True,True,True,True,True,Cloud Native,BU A,2026-02-09,64,Emerging,25,10,1,4,4,20,9,[]
Team 10,2026-02-09,119,22.5,0.86,0.17,2.1,0,True,False,True,True,True,True,True,True,Cloud Native,BU C,2026-02-09,43,Needs Support,18,5,4,1,0,15,5,['LTDD_Measurability<90% -> Flow capped']
Team 11,2026-02-09,240,11.6,0.88,0.26,0.9,2,False,False,True,False,True,True,True,True,Hybrid,BU C,2026-02-09,54,Emerging,25,10,1,7,4,7,12,['LTDD_Measurability<90% -> Flow capped']
Team 12,2026-02-09,291,7.0,0.98,0.2,2.0,0,True,False,True,True,False,True,True,True,Hybrid,BU C,2026-02-09,67,Emerging,32,15,4,4,0,12,8,[]
Team 13,2026-02-09,170,6.9,0.92,0.21,1.7,3,True,True,True,False,False,True,True,True,Hybrid,BU B,2026-02-09,58,Emerging,18,15,1,4,6,14,11,[]
Team 14,2026-02-09,95,11.3,0.96,0.15,1.1,1,False,False,True,True,False,True,True,True,Cloud Native,BU A,2026-02-09,37,Needs Support,10,10,4,4,2,7,10,[]
Team 15,2026-02-09,113,17.8,0.85,0.04,1.5,2,True,False,False,False,True,True,True,True,Cloud Native,BU C,2026-02-09,51,Emerging,18,10,7,4,4,8,15,['LTDD_Measurability<90% -> Flow capped']
Team 16,2026-02-09,136,10.9,0.95,0.07,1.0,2,False,True,False,True,False,True,True,True,Cloud Native,BU C,2026-02-09,51,Emerging,18,10,7,4,4,8,15,[]
Team 17,2026-02-09,190,19.9,0.86,0.04,1.8,0,True,False,False,True,False,True,True,True,Legacy,BU B,2026-02-09,54,Emerging,25,10,7,4,0,8,11,['LTDD_Measurability<90% -> Flow capped']
Team 18,2026-02-09,133,3.4,0.86,0.12,1.3,1,True,True,True,True,False,True,True,True,Hybrid,BU B,2026-02-09,55,Emerging,18,10,4,4,2,17,10,['LTDD_Measurability<90% -> Flow capped']
Team 19,2026-02-09,174,23.0,0.97,0.16,1.9,3,True,True,False,True,True,True,True,True,Cloud Native,BU B,2026-02-09,53,Emerging,18,5,4,4,6,16,14,[]
Team 20,2026-02-09,166,5.9,0.89,0.3,2.8,3,True,False,False,True,True,True,True,True,Cloud Native,BU C,2026-02-09,47,Needs Support,18,10,1,1,6,11,8,['LTDD_Measurability<90% -> Flow capped']
Team 21,2026-02-09,39,17.2,1.0,0.06,2.5,2,True,True,True,False,False,True,True,True,Cloud Native,BU C,2026-02-09,41,Needs Support,5,10,7,1,4,14,12,[]
Team 22,2026-02-09,141,7.4,1.0,0.09,1.5,0,False,True,True,True,False,True,True,True,Legacy,BU C,2026-02-09,56,Emerging,18,15,7,4,0,12,11,[]
Team 23,2026-02-09,343,13.9,0.93,0.15,1.9,3,True,True,False,False,True,True,True,True,Hybrid,BU B,2026-02-09,72,Advanced,35,10,4,4,6,13,14,[]
Team 24,2026-02-09,338,3.1,0.96,0.03,1.8,1,True,True,True,True,True,True,True,True,Hybrid,BU B,2026-02-09,88,Elite,35,20,7,4,2,20,13,[]
Team 25,2026-02-09,280,18.1,0.98,0.15,0.8,1,True,True,True,False,False,True,True,True,Cloud Native,BU B,2026-02-09,69,Emerging,32,10,4,7,2,14,13,[]
Team 26,2026-02-09,149,3.3,0.87,0.14,1.7,2,False,False,True,False,True,True,True,True,Cloud Native,BU B,2026-02-09,47,Needs Support,18,10,4,4,4,7,12,['LTDD_Measurability<90% -> Flow capped']
Team 27,2026-02-09,15,18.2,1.0,0.15,1.3,0,True,False,True,True,True,True,True,True,Hybrid,BU C,2026-02-09,38,Needs Support,5,10,4,4,0,15,8,[]
Team 28,2026-02-09,295,1.6,0.93,0.21,0.8,1,True,False,True,True,True,True,True,True,Legacy,BU B,2026-02-09,82,Advanced,32,25,1,7,2,15,10,[]
Team 29,2026-02-09,272,23.1,0.9,0.26,3.0,2,True,True,True,False,False,True,True,True,Hybrid,BU A,2026-02-09,57,Emerging,32,5,1,1,4,14,6,[]
Team 30,2026-02-09,216,6.5,0.92,0.15,1.6,1,True,False,True,False,False,True,True,True,Legacy,BU C,2026-02-09,59,Emerging,25,15,4,4,2,9,10,[]
Team 31,2026-02-09,19,24.7,0.93,0.17,2.3,3,False,True,False,True,False,True,True,True,Hybrid,BU A,2026-02-09,29,Needs Support,5,5,4,1,6,8,11,[]
Team 32,2026-02-09,173,5.2,0.89,0.23,1.3,3,True,True,True,False,True,True,True,True,Legacy,BU C,2026-02-09,56,Emerging,18,10,1,4,6,17,11,['LTDD_Measurability<90% -> Flow capped']
Team 33,2026-02-09,215,22.6,0.91,0.29,1.5,0,True,True,True,False,False,True,True,True,Hybrid,BU B,2026-02-09,49,Needs Support,25,5,1,4,0,14,5,[]
Team 34,2026-02-09,245,18.4,0.94,0.24,1.4,2,True,False,True,False,False,True,True,True,Hybrid,BU A,2026-02-09,53,Emerging,25,10,1,4,4,9,9,[]
Team 35,2026-02-09,239,6.1,0.97,0.03,0.8,0,False,False,True,True,True,True,True,True,Cloud Native,BU A,2026-02-09,64,Emerging,25,15,7,7,0,10,14,[]
Team 36,2026-02-09,121,2.8,0.87,0.2,2.9,3,False,False,True,True,False,True,True,True,Hybrid,BU C,2026-02-09,46,Needs Support,18,10,4,1,6,7,11,['LTDD_Measurability<90% -> Flow capped']
Team 37,2026-02-09,140,8.9,0.87,0.26,2.0,3,False,False,True,False,False,True,True,True,Hybrid,BU A,2026-02-09,43,Needs Support,18,10,1,4,6,4,11,['LTDD_Measurability<90% -> Flow capped']
Team 38,2026-02-09,130,3.6,0.94,0.22,1.7,2,False,True,False,True,True,True,True,True,Cloud Native,BU A,2026-02-09,58,Emerging,18,20,1,4,4,11,9,[]
Team 39,2026-02-09,110,3.0,1.0,0.07,2.2,3,True,True,False,False,False,True,True,True,Hybrid,BU B,2026-02-09,62,Emerging,18,20,7,1,6,10,14,[]
Team 40,2026-02-09,139,17.0,0.97,0.29,0.6,1,False,False,True,False,True,True,True,True,Legacy,BU A,2026-02-09,45,Needs Support,18,10,1,7,2,7,10,[]
Team 41,2026-02-09,276,4.7,0.89,0.1,0.7,0,False,True,True,True,False,True,True,True,Hybrid,BU C,2026-02-09,65,Emerging,32,10,4,7,0,12,11,['LTDD_Measurability<90% -> Flow capped']
Team 42,2026-02-09,303,20.0,0.96,0.03,0.9,0,True,True,False,True,True,True,True,True,Legacy,BU A,2026-02-09,75,Advanced,35,10,7,7,0,16,14,[]
Team 43,2026-02-09,226,14.9,0.87,0.15,1.6,2,True,False,False,False,True,True,True,True,Legacy,BU A,2026-02-09,55,Emerging,25,10,4,4,4,8,12,['LTDD_Measurability<90% -> Flow capped']
Team 44,2026-02-09,321,5.9,0.87,0.07,1.3,2,False,False,True,False,False,True,True,True,Cloud Native,BU C,2026-02-09,64,Emerging,35,10,7,4,4,4,15,['LTDD_Measurability<90% -> Flow capped']
Team 45,2026-02-09,23,14.5,0.86,0.25,2.6,2,False,True,False,True,True,True,True,True,Legacy,BU C,2026-02-09,32,Needs Support,5,10,1,1,4,11,6,['LTDD_Measurability<90% -> Flow capped']
Team 46,2026-02-09,29,5.8,0.89,0.03,0.7,2,True,True,True,False,True,True,True,True,Cloud Native,BU C,2026-02-09,50,Emerging,5,10,7,7,4,17,18,['LTDD_Measurability<90% -> Flow capped']
Team 47,2026-02-09,84,19.0,0.91,0.22,2.1,1,False,True,False,False,True,True,True,True,Legacy,BU C,2026-02-09,32,Needs Support,10,10,1,1,2,8,4,[]
Team 48,2026-02-09,108,9.7,0.93,0.2,2.8,0,True,True,True,True,True,True,True,True,Hybrid,BU A,2026-02-09,58,Emerging,18,15,4,1,0,20,5,[]
Team 49,2026-02-09,236,18.4,0.88,0.06,2.1,1,True,True,True,False,False,True,True,True,Legacy,BU A,2026-02-09,59,Emerging,25,10,7,1,2,14,10,['LTDD_Measurability<90% -> Flow capped']
Team 50,2026-02-09,107,11.6,0.87,0.04,2.1,3,True,False,False,True,False,True,True,True,Cloud Native,BU B,2026-02-09,50,Emerging,18,10,7,1,6,8,14,['LTDD_Measurability<90% -> Flow capped']
Team 51,2026-02-09,181,7.0,0.92,0.09,2.6,0,False,True,True,False,False,True,True,True,Hybrid,BU C,2026-02-09,57,Emerging,25,15,7,1,0,9,8,[]
Team 52,2026-02-09,284,7.5,0.96,0.02,1.9,2,False,False,True,True,False,True,True,True,Hybrid,BU B,2026-02-09,69,Emerging,32,15,7,4,4,7,15,[]
Team 53,2026-02-09,11,11.8,0.97,0.26,2.5,3,True,False,True,True,False,True,True,True,Cloud Native,BU B,2026-02-09,35,Needs Support,5,10,1,1,6,12,8,[]
Team 54,2026-02-09,81,24.6,0.99,0.13,2.4,1,True,True,False,True,False,True,True,True,Legacy,BU B,2026-02-09,35,Needs Support,10,5,4,1,2,13,7,[]
Team 55,2026-02-09,11,4.3,0.99,0.22,2.8,3,False,False,False,False,True,True,True,True,Hybrid,BU A,2026-02-09,36,Needs Support,5,20,1,1,6,3,8,[]
Team 56,2026-02-09,324,10.4,0.86,0.18,1.5,3,False,False,False,True,False,True,True,True,Cloud Native,BU A,2026-02-09,62,Emerging,35,10,4,4,6,3,14,['LTDD_Measurability<90% -> Flow capped']
Team 57,2026-02-09,128,5.3,0.88,0.15,1.2,0,False,False,True,False,True,True,True,True,Cloud Native,BU A,2026-02-09,43,Needs Support,18,10,4,4,0,7,8,['LTDD_Measurability<90% -> Flow capped']
Team 58,2026-02-09,63,8.6,0.88,0.04,0.6,2,True,False,False,True,False,True,True,True,Legacy,BU B,2026-02-09,46,Needs Support,10,10,7,7,4,8,18,['LTDD_Measurability<90% -> Flow capped']
Team 59,2026-02-09,196,1.1,0.96,0.11,1.8,0,True,True,False,True,True,True,True,True,Legacy,BU A,2026-02-09,74,Advanced,25,25,4,4,0,16,8,[]
Team 60,2026-02-09,170,14.5,0.86,0.2,0.9,3,True,True,True,False,True,True,True,True,Cloud Native,BU C,2026-02-09,62,Emerging,18,10,4,7,6,17,17,['LTDD_Measurability<90% -> Flow capped']
Team 61,2026-02-09,44,10.7,0.96,0.1,2.9,0,True,True,True,True,True,True,True,True,Cloud Native,BU C,2026-02-09,40,Needs Support,5,10,4,1,0,20,5,[]
Team 62,2026-02-09,91,4.3,0.91,0.11,1.6,0,True,True,True,True,False,True,True,True,Hybrid,BU C,2026-02-09,55,Emerging,10,20,4,4,0,17,8,[]
Team 63,2026-02-09,144,15.5,0.88,0.09,2.1,2,False,True,True,False,True,True,True,True,Legacy,BU A,2026-02-09,52,Emerging,18,10,7,1,4,12,12,['LTDD_Measurability<90% -> Flow capped']
Team 64,2026-02-09,158,4.8,0.88,0.27,1.2,2,True,True,False,True,False,True,True,True,Hybrid,BU B,2026-02-09,50,Emerging,18,10,1,4,4,13,9,['LTDD_Measurability<90% -> Flow capped']
Team 65,2026-02-09,119,20.5,0.98,0.15,2.6,1,False,True,False,False,True,True,True,True,Legacy,BU B,2026-02-09,38,Needs Support,18,5,4,1,2,8,7,[]
Team 66,2026-02-09,260,24.2,0.98,0.19,1.6,3,False,False,True,True,True,True,True,True,Cloud Native,BU A,2026-02-09,61,Emerging,32,5,4,4,6,10,14,[]
Team 67,2026-02-09,300,19.2,0.93,0.04,1.8,3,True,True,True,True,True,True,True,True,Cloud Native,BU C,2026-02-09,79,Advanced,32,10,7,4,6,20,17,[]
Team 68,2026-02-09,311,16.7,0.98,0.12,0.8,0,True,True,False,True,True,True,True,True,Cloud Native,BU C,2026-02-09,72,Advanced,35,10,4,7,0,16,11,[]
Team 69,2026-02-09,338,15.6,0.96,0.19,1.5,1,False,False,False,False,True,True,True,True,Cloud Native,BU B,2026-02-09,58,Emerging,35,10,4,4,2,3,10,[]
Team 70,2026-02-09,166,3.3,0.86,0.13,1.0,2,False,False,True,True,False,True,True,True,Hybrid,BU A,2026-02-09,47,Needs Support,18,10,4,4,4,7,12,['LTDD_Measurability<90% -> Flow capped']
Team 1,2026-02-16,318,16.4,0.89,0.06,1.6,1,False,True,True,True,True,True,True,True,Cloud Native,BU B,2026-02-16,73,Advanced,35,10,7,4,2,15,13,['LTDD_Measurability<90% -> Flow capped']
Team 2,2026-02-16,32,5.0,0.85,0.06,1.1,2,False,False,False,False,False,True,True,True,Legacy,BU C,2026-02-16,30,Needs Support,5,10,7,4,4,0,15,['LTDD_Measurability<90% -> Flow capped']
Team 3,2026-02-16,116,12.5,0.86,0.05,1.2,1,True,False,False,True,False,True,True,True,Hybrid,BU C,2026-02-16,49,Needs Support,18,10,7,4,2,8,13,['LTDD_Measurability<90% -> Flow capped']
Team 4,2026-02-16,42,7.5,0.91,0.24,0.9,0,False,False,True,True,True,True,True,True,Cloud Native,BU A,2026-02-16,38,Needs Support,5,15,1,7,0,10,8,[]
Team 5,2026-02-16,258,1.5,0.86,0.15,1.0,0,True,False,False,True,False,True,True,True,Hybrid,BU A,2026-02-16,58,Emerging,32,10,4,4,0,8,8,['LTDD_Measurability<90% -> Flow capped']
Team 6,2026-02-16,100,8.6,0.98,0.05,2.2,3,False,True,False,True,False,True,True,True,Legacy,BU A,2026-02-16,47,Needs Support,10,15,7,1,6,8,14,[]
Team 7,2026-02-16,57,2.8,0.86,0.19,1.9,2,True,False,True,False,False,True,True,True,Cloud Native,BU C,2026-02-16,41,Needs Support,10,10,4,4,4,9,12,['LTDD_Measurability<90% -> Flow capped']
Team 8,2026-02-16,306,22.3,0.95,0.17,2.3,0,True,True,False,True,True,True,True,True,Hybrid,BU B,2026-02-16,61,Emerging,35,5,4,1,0,16,5,[]
Team 9,2026-02-16,275,11.9,0.98,0.02,1.2,1,True,True,False,False,True,True,True,True,Cloud Native,BU C,2026-02-16,68,Emerging,32,10,7,4,2,13,13,[]
Team 10,2026-02-16,343,17.5,0.97,0.28,2.9,1,True,False,False,False,False,True,True,True,Legacy,BU A,2026-02-16,54,Emerging,35,10,1,1,2,5,4,[]
Team 11,2026-02-16,194,17.5,0.91,0.25,1.5,2,True,False,False,False,True,True,True,True,Cloud Native,BU B,2026-02-16,52,Emerging,25,10,1,4,4,8,9,[]
Team 12,2026-02-16,162,8.9,0.9,0.16,2.9,3,True,False,False,False,False,True,True,True,Cloud Native,BU C,2026-02-16,49,Needs Support,18,15,4,1,6,5,11,[]
Team 13,2026-02-16,49,6.9,0.93,0.28,2.0,3,True,True,True,False,False,True,True,True,Cloud Native,BU C,2026-02-16,45,Needs Support,5,15,1,4,6,14,11,[]
Team 14,2026-02-16,49,23.4,0.91,0.12,1.3,2,True,False,False,True,True,True,True,True,Cloud Native,BU A,2026-02-16,33,Needs Support,5,5,4,4,4,11,12,[]
Team 15,2026-02-16,78,5.2,0.98,0.11,2.1,2,False,False,False,True,False,True,True,True,Legacy,BU C,2026-02-16,37,Needs Support,10,15,4,1,4,3,9,[]
Team 16,2026-02-16,188,24.4,0.91,0.23,1.4,2,False,False,False,False,True,True,True,True,Legacy,BU A,2026-02-16,42,Needs Support,25,5,1,4,4,3,9,[]
Team 17,2026-02-16,174,5.1,0.91,0.28,1.8,2,True,True,False,True,False,True,True,True,Cloud Native,BU C,2026-02-16,55,Emerging,18,15,1,4,4,13,9,[]
Team 18,2026-02-16,150,11.8,0.91,0.05,1.7,2,True,False,False,False,False,True,True,True,Legacy,BU C,2026-02-16,48,Needs Support,18,10,7,4,4,5,15,[]
Team 19,2026-02-16,112,5.0,0.93,0.1,2.9,3,False,True,True,True,True,True,True,True,Hybrid,BU A,2026-02-16,64,Emerging,18,20,4,1,6,15,11,[]
Team 20,2026-02-16,209,5.4,0.9,0.17,1.9,0,False,False,False,False,True,True,True,True,Hybrid,BU A,2026-02-16,51,Emerging,25,15,4,4,0,3,8,[]
Team 21,2026-02-16,13,2.6,0.99,0.17,2.1,1,True,False,False,True,False,True,True,True,Legacy,BU A,2026-02-16,40,Needs Support,5,20,4,1,2,8,7,[]
Team 22,2026-02-16,123,11.0,0.86,0.12,1.7,0,False,False,True,True,False,True,True,True,Cloud Native,BU B,2026-02-16,43,Needs Support,18,10,4,4,0,7,8,['LTDD_Measurability<90% -> Flow capped']
Team 23,2026-02-16,70,5.4,0.99,0.11,0.9,1,True,False,True,False,True,True,True,True,Cloud Native,BU A,2026-02-16,50,Emerging,10,15,4,7,2,12,13,[]
Team 24,2026-02-16,320,23.1,0.88,0.15,1.6,2,True,True,True,False,False,True,True,True,Legacy,BU C,2026-02-16,66,Emerging,35,5,4,4,4,14,12,['LTDD_Measurability<90% -> Flow capped']
Team 25,2026-02-16,99,23.8,0.93,0.14,1.5,2,False,False,False,True,True,True,True,True,Legacy,BU B,2026-02-16,33,Needs Support,10,5,4,4,4,6,12,[]
Team 26,2026-02-16,267,15.5,0.96,0.08,2.9,3,False,False,True,False,False,True,True,True,Hybrid,BU B,2026-02-16,60,Emerging,32,10,7,1,6,4,14,[]
Team 27,2026-02-16,244,12.7,0.89,0.27,2.9,1,True,True,False,True,False,True,True,True,Cloud Native,BU C,2026-02-16,52,Emerging,25,10,1,1,2,13,4,['LTDD_Measurability<90% -> Flow capped']
Team 28,2026-02-16,106,1.7,0.87,0.24,1.9,2,True,True,True,False,False,True,True,True,Cloud Native,BU A,2026-02-16,51,Emerging,18,10,1,4,4,14,9,['LTDD_Measurability<90% -> Flow capped']
Team 29,2026-02-16,319,17.5,0.95,0.11,2.6,0,False,True,True,True,False,True,True,True,Legacy,BU B,2026-02-16,62,Emerging,35,10,4,1,0,12,5,[]
Team 30,2026-02-16,19,4.4,0.98,0.28,2.0,2,True,True,False,True,False,True,True,True,Legacy,BU C,2026-02-16,47,Needs Support,5,20,1,4,4,13,9,[]
Team 31,2026-02-16,326,2.0,0.88,0.08,2.6,0,False,True,True,True,False,True,True,True,Cloud Native,BU A,2026-02-16,65,Emerging,35,10,7,1,0,12,8,['LTDD_Measurability<90% -> Flow capped']
Team 32,2026-02-16,211,3.8,0.87,0.17,1.6,1,True,False,False,True,True,True,True,True,Hybrid,BU C,2026-02-16,56,Emerging,25,10,4,4,2,11,10,['LTDD_Measurability<90% -> Flow capped']
Team 33,2026-02-16,182,19.3,0.98,0.08,0.9,0,False,True,False,False,False,True,True,True,Hybrid,BU C,2026-02-16,54,Emerging,25,10,7,7,0,5,14,[]
Team 34,2026-02-16,69,14.3,0.98,0.11,1.4,0,False,True,True,True,True,True,True,True,Cloud Native,BU B,2026-02-16,43,Needs Support,10,10,4,4,0,15,8,[]
Team 35,2026-02-16,329,6.4,1.0,0.08,2.0,3,False,False,True,True,True,True,True,True,Cloud Native,BU A,2026-02-16,77,Advanced,35,15,7,4,6,10,17,[]
Team 36,2026-02-16,61,4.8,0.99,0.01,2.4,3,False,True,False,True,False,True,True,True,Cloud Native,BU A,2026-02-16,52,Emerging,10,20,7,1,6,8,14,[]
Team 37,2026-02-16,314,15.7,0.94,0.1,0.9,1,False,True,True,False,True,True,True,True,Legacy,BU B,2026-02-16,70,Advanced,35,10,4,7,2,12,13,[]
Team 38,2026-02-16,98,18.2,0.93,0.17,0.7,0,False,False,True,False,False,True,True,True,Cloud Native,BU B,2026-02-16,35,Needs Support,10,10,4,7,0,4,11,[]
Team 39,2026-02-16,264,15.8,0.86,0.06,1.2,0,True,False,False,False,False,True,True,True,Hybrid,BU A,2026-02-16,58,Emerging,32,10,7,4,0,5,11,['LTDD_Measurability<90% -> Flow capped']
Team 40,2026-02-16,203,2.0,0.88,0.27,1.2,0,False,True,True,True,True,True,True,True,Hybrid,BU A,2026-02-16,55,Emerging,25,10,1,4,0,15,5,['LTDD_Measurability<90% -> Flow capped']
Team 41,2026-02-16,192,3.8,0.89,0.07,0.8,3,True,False,False,True,True,True,True,True,Hybrid,BU C,2026-02-16,66,Emerging,25,10,7,7,6,11,20,['LTDD_Measurability<90% -> Flow capped']
Team 42,2026-02-16,305,12.8,0.91,0.14,2.0,1,False,True,True,True,True,True,True,True,Cloud Native,BU A,2026-02-16,70,Advanced,35,10,4,4,2,15,10,[]
Team 43,2026-02-16,51,8.0,0.87,0.18,0.9,0,False,False,True,True,False,True,True,True,Legacy,BU B,2026-02-16,38,Needs Support,10,10,4,7,0,7,11,['LTDD_Measurability<90% -> Flow capped']
Team 44,2026-02-16,255,4.6,0.89,0.03,2.3,2,False,True,False,False,False,True,True,True,Legacy,BU A,2026-02-16,59,Emerging,32,10,7,1,4,5,12,['LTDD_Measurability<90% -> Flow capped']
Team 45,2026-02-16,335,1.8,0.89,0.25,1.9,1,True,False,True,True,True,True,True,True,Legacy,BU C,2026-02-16,67,Emerging,35,10,1,4,2,15,7,['LTDD_Measurability<90% -> Flow capped']
Team 46,2026-02-16,50,6.4,0.99,0.19,2.1,2,True,False,True,True,False,True,True,True,Legacy,BU C,2026-02-16,41,Needs Support,5,15,4,1,4,12,9,[]
Team 47,2026-02-16,79,6.8,0.95,0.28,0.7,0,False,True,False,False,True,True,True,True,Legacy,BU A,2026-02-16,41,Needs Support,10,15,1,7,0,8,8,[]
Team 48,2026-02-16,158,18.3,0.96,0.25,1.9,2,False,False,True,False,False,True,True,True,Hybrid,BU B,2026-02-16,41,Needs Support,18,10,1,4,4,4,9,[]
Team 49,2026-02-16,341,8.6,0.89,0.08,1.7,1,False,False,False,False,False,True,True,True,Legacy,BU C,2026-02-16,58,Emerging,35,10,7,4,2,0,13,['LTDD_Measurability<90% -> Flow capped']
Team 50,2026-02-16,156,22.7,0.85,0.02,1.1,2,True,True,False,True,False,True,True,True,Hybrid,BU A,2026-02-16,51,Emerging,18,5,7,4,4,13,15,['LTDD_Measurability<90% -> Flow capped']
Team 51,2026-02-16,156,6.4,0.85,0.19,0.5,0,False,False,True,True,False,True,True,True,Cloud Native,BU B,2026-02-16,46,Needs Support,18,10,4,7,0,7,11,['LTDD_Measurability<90% -> Flow capped']
Team 52,2026-02-16,39,21.8,0.88,0.07,1.7,2,True,False,False,True,False,True,True,True,Hybrid,BU A,2026-02-16,33,Needs Support,5,5,7,4,4,8,15,['LTDD_Measurability<90% -> Flow capped']
Team 53,2026-02-16,237,18.5,1.0,0.25,1.1,3,True,True,True,False,False,True,True,True,Legacy,BU C,2026-02-16,60,Emerging,25,10,1,4,6,14,11,[]
Team 54,2026-02-16,328,21.8,0.91,0.2,1.6,1,True,True,False,False,True,True,True,True,Legacy,BU C,2026-02-16,63,Emerging,35,5,4,4,2,13,10,[]
Team 55,2026-02-16,136,18.0,0.89,0.27,1.2,2,False,True,False,False,False,True,True,True,Legacy,BU C,2026-02-16,42,Needs Support,18,10,1,4,4,5,9,['LTDD_Measurability<90% -> Flow capped']
Team 56,2026-02-16,231,8.8,1.0,0.03,2.4,2,False,True,False,False,False,True,True,True,Legacy,BU A,2026-02-16,57,Emerging,25,15,7,1,4,5,12,[]
Team 57,2026-02-16,17,13.5,0.93,0.05,1.5,1,True,False,False,True,False,True,True,True,Hybrid,BU A,2026-02-16,36,Needs Support,5,10,7,4,2,8,13,[]
Team 58,2026-02-16,103,15.6,0.92,0.03,0.6,2,False,False,True,True,True,True,True,True,Legacy,BU B,2026-02-16,56,Emerging,18,10,7,7,4,10,18,[]
Team 59,2026-02-16,283,16.3,0.89,0.08,0.9,3,False,False,False,False,True,True,True,True,Legacy,BU A,2026-02-16,65,Emerging,32,10,7,7,6,3,20,['LTDD_Measurability<90% -> Flow capped']
Team 60,2026-02-16,158,24.4,0.92,0.11,0.8,2,False,False,False,False,False,True,True,True,Legacy,BU B,2026-02-16,38,Needs Support,18,5,4,7,4,0,15,[]
Team 61,2026-02-16,237,24.9,0.94,0.19,2.0,1,False,False,False,False,True,True,True,True,Hybrid,BU B,2026-02-16,43,Needs Support,25,5,4,4,2,3,10,[]
Team 62,2026-02-16,37,12.6,0.91,0.29,2.8,1,True,True,True,True,True,True,True,True,Legacy,BU B,2026-02-16,39,Needs Support,5,10,1,1,2,20,4,[]
Team 63,2026-02-16,132,23.3,0.93,0.16,1.9,2,True,False,True,False,True,True,True,True,Hybrid,BU B,2026-02-16,47,Needs Support,18,5,4,4,4,12,12,[]
Team 64,2026-02-16,124,17.9,0.92,0.16,1.7,0,True,False,True,True,True,True,True,True,Legacy,BU B,2026-02-16,51,Emerging,18,10,4,4,0,15,8,[]
Team 65,2026-02-16,24,16.8,0.96,0.03,2.1,2,True,True,True,False,False,True,True,True,Cloud Native,BU B,2026-02-16,41,Needs Support,5,10,7,1,4,14,12,[]
Team 66,2026-02-16,72,17.0,0.9,0.13,1.1,1,True,True,False,True,False,True,True,True,Legacy,BU B,2026-02-16,43,Needs Support,10,10,4,4,2,13,10,[]
Team 67,2026-02-16,115,13.7,0.92,0.16,2.7,0,True,False,True,False,True,True,True,True,Hybrid,BU A,2026-02-16,45,Needs Support,18,10,4,1,0,12,5,[]
Team 68,2026-02-16,333,12.0,0.91,0.2,2.8,0,True,True,False,False,True,True,True,True,Legacy,BU B,2026-02-16,63,Emerging,35,10,4,1,0,13,5,[]
Team 69,2026-02-16,38,18.0,0.89,0.03,0.5,2,True,False,True,True,False,True,True,True,Hybrid,BU A,2026-02-16,45,Needs Support,5,10,7,7,4,12,18,['LTDD_Measurability<90% -> Flow capped']
Team 70,2026-02-16,70,17.6,0.89,0.15,1.8,3,True,False,False,True,False,True,True,True,Cloud Native,BU B,2026-02-16,42,Needs Support,10,10,4,4,6,8,14,['LTDD_Measurability<90% -> Flow capped']
Team 1,2026-02-23,180,18.7,0.98,0.1,1.2,2,True,True,False,True,False,True,True,True,Hybrid,BU A,2026-02-23,53,Emerging,18,10,4,4,4,13,12,[]
Team 2,2026-02-23,99,6.0,0.96,0.14,0.8,2,True,True,True,True,False,True,True,True,Legacy,BU B,2026-02-23,57,Emerging,10,15,4,7,4,17,15,[]
Team 3,2026-02-23,37,23.8,0.96,0.09,2.9,0,False,True,True,False,False,True,True,True,Legacy,BU B,2026-02-23,27,Needs Support,5,5,7,1,0,9,8,[]
Team 4,2026-02-23,33,6.8,0.94,0.23,2.2,0,True,True,False,False,False,True,True,True,Cloud Native,BU A,2026-02-23,32,Needs Support,5,15,1,1,0,10,2,[]
Team 5,2026-02-23,201,23.0,0.88,0.04,2.9,1,True,False,False,False,True,True,True,True,Legacy,BU A,2026-02-23,48,Needs Support,25,5,7,1,2,8,10,['LTDD_Measurability<90% -> Flow capped']
Team 6,2026-02-23,136,23.8,0.97,0.13,1.9,0,True,True,True,False,False,True,True,True,Cloud Native,BU A,2026-02-23,45,Needs Support,18,5,4,4,0,14,8,[]
Team 7,2026-02-23,46,7.9,0.86,0.25,1.3,1,False,False,False,True,True,True,True,True,Hybrid,BU A,2026-02-23,28,Needs Support,5,10,1,4,2,6,7,['LTDD_Measurability<90% -> Flow capped']
Team 8,2026-02-23,105,3.7,0.98,0.07,0.6,1,False,False,False,False,True,True,True,True,Hybrid,BU A,2026-02-23,57,Emerging,18,20,7,7,2,3,16,[]
Team 9,2026-02-23,151,4.6,0.9,0.02,2.3,1,False,False,True,True,False,True,True,True,Legacy,BU A,2026-02-23,55,Emerging,18,20,7,1,2,7,10,[]
Team 10,2026-02-23,46,4.5,0.95,0.16,2.4,0,True,True,True,False,True,True,True,True,Legacy,BU A,2026-02-23,47,Needs Support,5,20,4,1,0,17,5,[]
Team 11,2026-02-23,102,22.3,0.89,0.28,2.9,3,False,True,False,True,False,True,True,True,Legacy,BU A,2026-02-23,39,Needs Support,18,5,1,1,6,8,8,['LTDD_Measurability<90% -> Flow capped']
Team 12,2026-02-23,186,12.4,0.9,0.06,0.5,0,True,True,True,False,True,True,True,True,Cloud Native,BU C,2026-02-23,66,Emerging,25,10,7,7,0,17,14,[]
Team 13,2026-02-23,309,24.8,0.87,0.19,2.0,2,True,False,False,True,False,True,True,True,Legacy,BU B,2026-02-23,60,Emerging,35,5,4,4,4,8,12,['LTDD_Measurability<90% -> Flow capped']
Team 14,2026-02-23,311,18.9,0.96,0.07,2.3,1,False,True,False,False,False,True,True,True,Legacy,BU C,2026-02-23,60,Emerging,35,10,7,1,2,5,10,[]
Team 15,2026-02-23,22,2.8,0.92,0.28,1.9,3,True,True,False,False,True,True,True,True,Legacy,BU C,2026-02-23,49,Needs Support,5,20,1,4,6,13,11,[]
Team 16,2026-02-23,262,17.7,0.96,0.2,2.9,1,False,True,False,False,True,True,True,True,Hybrid,BU B,2026-02-23,57,Emerging,32,10,4,1,2,8,7,[]
Team 17,2026-02-23,183,12.8,0.95,0.07,0.9,2,True,True,True,True,True,True,True,True,Cloud Native,BU B,2026-02-23,73,Advanced,25,10,7,7,4,20,18,[]
Team 18,2026-02-23,217,4.6,0.96,0.1,2.0,1,True,False,False,False,False,True,True,True,Legacy,BU A,2026-02-23,60,Emerging,25,20,4,4,2,5,10,[]
Team 19,2026-02-23,215,16.7,0.86,0.04,0.5,0,True,False,False,True,True,True,True,True,Hybrid,BU C,2026-02-23,60,Emerging,25,10,7,7,0,11,14,['LTDD_Measurability<90% -> Flow capped']
Team 20,2026-02-23,123,19.0,0.9,0.25,1.3,3,True,True,True,True,False,True,True,True,Cloud Native,BU B,2026-02-23,56,Emerging,18,10,1,4,6,17,11,[]
Team 21,2026-02-23,154,1.7,0.9,0.22,1.5,3,True,True,True,False,False,True,True,True,Hybrid,BU A,2026-02-23,68,Emerging,18,25,1,4,6,14,11,[]
Team 22,2026-02-23,289,9.2,0.93,0.21,1.5,3,True,True,False,False,True,True,True,True,Hybrid,BU A,2026-02-23,71,Advanced,32,15,1,4,6,13,11,[]
Team 23,2026-02-23,255,20.1,0.97,0.02,2.1,1,True,False,True,False,True,True,True,True,Legacy,BU B,2026-02-23,59,Emerging,32,5,7,1,2,12,10,[]
Team 24,2026-02-23,185,22.1,0.89,0.09,1.7,2,True,True,False,False,False,True,True,True,Hybrid,BU B,2026-02-23,55,Emerging,25,5,7,4,4,10,15,['LTDD_Measurability<90% -> Flow capped']
Team 25,2026-02-23,231,20.8,0.91,0.02,2.0,3,True,True,False,False,False,True,True,True,Hybrid,BU A,2026-02-23,57,Emerging,25,5,7,4,6,10,17,[]
Team 26,2026-02-23,238,4.4,0.98,0.24,1.4,2,True,False,False,False,True,True,True,True,Cloud Native,BU A,2026-02-23,62,Emerging,25,20,1,4,4,8,9,[]
Team 27,2026-02-23,321,1.8,0.85,0.1,2.5,0,False,False,True,True,False,True,True,True,Hybrid,BU A,2026-02-23,57,Emerging,35,10,4,1,0,7,5,['LTDD_Measurability<90% -> Flow capped']
Team 28,2026-02-23,128,10.1,0.86,0.13,0.8,0,True,True,True,True,False,True,True,True,Cloud Native,BU B,2026-02-23,56,Emerging,18,10,4,7,0,17,11,['LTDD_Measurability<90% -> Flow capped']
Team 29,2026-02-23,12,20.2,0.87,0.02,1.6,1,False,False,False,True,False,True,True,True,Legacy,BU A,2026-02-23,26,Needs Support,5,5,7,4,2,3,13,['LTDD_Measurability<90% -> Flow capped']
Team 30,2026-02-23,345,6.4,0.98,0.24,2.2,3,True,False,False,True,True,True,True,True,Legacy,BU C,2026-02-23,69,Emerging,35,15,1,1,6,11,8,[]
Team 31,2026-02-23,19,13.6,0.92,0.06,2.0,3,True,True,False,False,True,True,True,True,Hybrid,BU C,2026-02-23,45,Needs Support,5,10,7,4,6,13,17,[]
Team 32,2026-02-23,16,18.0,0.95,0.04,2.5,1,True,True,False,False,False,True,True,True,Legacy,BU A,2026-02-23,35,Needs Support,5,10,7,1,2,10,10,[]
Team 33,2026-02-23,212,10.0,0.9,0.1,2.4,0,False,True,True,False,False,True,True,True,Hybrid,BU B,2026-02-23,54,Emerging,25,15,4,1,0,9,5,[]
Team 34,2026-02-23,156,6.1,0.9,0.27,1.8,2,True,True,True,False,True,True,True,True,Cloud Native,BU A,2026-02-23,59,Emerging,18,15,1,4,4,17,9,[]
Team 35,2026-02-23,16,5.3,0.88,0.08,1.7,3,False,True,False,False,True,True,True,True,Legacy,BU A,2026-02-23,40,Needs Support,5,10,7,4,6,8,17,['LTDD_Measurability<90% -> Flow capped']
Team 36,2026-02-23,313,21.8,0.9,0.14,1.8,0,False,False,True,False,False,True,True,True,Hybrid,BU A,2026-02-23,52,Emerging,35,5,4,4,0,4,8,[]
Team 37,2026-02-23,335,19.9,0.9,0.26,2.8,1,False,False,True,True,False,True,True,True,Hybrid,BU A,2026-02-23,56,Emerging,35,10,1,1,2,7,4,[]
Team 38,2026-02-23,177,8.5,0.98,0.23,0.8,3,False,True,True,True,False,True,True,True,Cloud Native,BU B,2026-02-23,59,Emerging,18,15,1,7,6,12,14,[]
Team 39,2026-02-23,52,3.1,0.89,0.02,2.1,0,True,False,False,False,True,True,True,True,Hybrid,BU C,2026-02-23,36,Needs Support,10,10,7,1,0,8,8,['LTDD_Measurability<90% -> Flow capped']
Team 40,2026-02-23,62,1.8,0.95,0.22,0.9,2,True,False,True,True,True,True,True,True,Cloud Native,BU A,2026-02-23,62,Emerging,10,25,1,7,4,15,12,[]
Team 41,2026-02-23,109,24.8,0.99,0.08,2.8,3,True,False,True,False,False,True,True,True,Cloud Native,BU A,2026-02-23,46,Needs Support,18,5,7,1,6,9,14,[]
Team 42,2026-02-23,223,20.3,0.92,0.15,2.3,2,False,True,True,False,False,True,True,True,Hybrid,BU B,2026-02-23,48,Needs Support,25,5,4,1,4,9,9,[]
Team 43,2026-02-23,257,8.6,0.92,0.03,1.6,2,False,True,False,False,False,True,True,True,Legacy,BU C,2026-02-23,67,Emerging,32,15,7,4,4,5,15,[]
Team 44,2026-02-23,203,17.5,0.95,0.07,1.3,1,True,False,False,True,True,True,True,True,Cloud Native,BU B,2026-02-23,59,Emerging,25,10,7,4,2,11,13,[]
Team 45,2026-02-23,186,16.1,0.96,0.07,1.3,1,True,False,False,True,True,True,True,True,Hybrid,BU B,2026-02-23,59,Emerging,25,10,7,4,2,11,13,[]
Team 46,2026-02-23,155,10.1,0.93,0.28,2.2,0,True,False,False,False,True,True,True,True,Hybrid,BU C,2026-02-23,38,Needs Support,18,10,1,1,0,8,2,[]
Team 47,2026-02-23,71,10.5,0.9,0.26,2.0,2,False,False,True,True,True,True,True,True,Cloud Native,BU A,2026-02-23,39,Needs Support,10,10,1,4,4,10,9,[]
Team 48,2026-02-23,261,19.0,0.99,0.13,2.9,3,True,True,False,False,False,True,True,True,Cloud Native,BU A,2026-02-23,63,Emerging,32,10,4,1,6,10,11,[]
Team 49,2026-02-23,325,7.0,0.98,0.17,1.4,3,False,True,True,False,True,True,True,True,Legacy,BU B,2026-02-23,76,Advanced,35,15,4,4,6,12,14,[]
Team 50,2026-02-23,151,4.5,0.92,0.24,1.7,2,False,False,False,True,False,True,True,True,Hybrid,BU C,2026-02-23,50,Emerging,18,20,1,4,4,3,9,[]
Team 51,2026-02-23,235,19.2,0.93,0.19,0.6,1,False,True,False,False,False,True,True,True,Cloud Native,BU B,2026-02-23,53,Emerging,25,10,4,7,2,5,13,[]
Team 52,2026-02-23,344,5.7,0.89,0.26,2.8,2,False,True,False,True,False,True,True,True,Cloud Native,BU A,2026-02-23,59,Emerging,35,10,1,1,4,8,6,['LTDD_Measurability<90% -> Flow capped']
Team 53,2026-02-23,230,10.8,0.95,0.26,1.3,2,True,True,False,False,False,True,True,True,Legacy,BU C,2026-02-23,54,Emerging,25,10,1,4,4,10,9,[]
Team 54,2026-02-23,116,4.3,0.94,0.01,1.3,1,False,True,True,False,False,True,True,True,Cloud Native,BU A,2026-02-23,60,Emerging,18,20,7,4,2,9,13,[]
Team 55,2026-02-23,186,12.9,0.9,0.04,2.3,0,False,True,True,False,False,True,True,True,Hybrid,BU A,2026-02-23,52,Emerging,25,10,7,1,0,9,8,[]
Team 56,2026-02-23,110,14.6,0.98,0.16,2.2,2,False,True,True,False,False,True,True,True,Cloud Native,BU B,2026-02-23,46,Needs Support,18,10,4,1,4,9,9,[]
Team 57,2026-02-23,125,16.0,0.93,0.11,2.1,3,True,False,False,True,True,True,True,True,Hybrid,BU C,2026-02-23,50,Emerging,18,10,4,1,6,11,11,[]
Team 58,2026-02-23,197,24.3,0.98,0.26,1.9,1,True,True,False,True,False,True,True,True,Legacy,BU A,2026-02-23,50,Emerging,25,5,1,4,2,13,7,[]
Team 59,2026-02-23,170,23.1,0.89,0.13,1.3,2,False,False,False,False,True,True,True,True,Hybrid,BU B,2026-02-23,38,Needs Support,18,5,4,4,4,3,12,['LTDD_Measurability<90% -> Flow capped']
Team 60,2026-02-23,191,17.4,0.92,0.21,1.5,0,True,False,False,False,True,True,True,True,Hybrid,BU C,2026-02-23,48,Needs Support,25,10,1,4,0,8,5,[]
Team 61,2026-02-23,340,16.8,0.95,0.08,2.3,3,False,False,True,True,True,True,True,True,Cloud Native,BU A,2026-02-23,69,Emerging,35,10,7,1,6,10,14,[]
Team 62,2026-02-23,336,8.3,0.98,0.26,1.3,3,False,True,False,True,False,True,True,True,Cloud Native,BU A,2026-02-23,69,Emerging,35,15,1,4,6,8,11,[]
Team 63,2026-02-23,188,20.3,0.88,0.29,2.5,1,True,False,False,True,False,True,True,True,Hybrid,BU B,2026-02-23,42,Needs Support,25,5,1,1,2,8,4,['LTDD_Measurability<90% -> Flow capped']
Team 64,2026-02-23,250,19.3,0.89,0.1,0.9,0,False,True,False,True,False,True,True,True,Legacy,BU A,2026-02-23,54,Emerging,25,10,4,7,0,8,11,['LTDD_Measurability<90% -> Flow capped']
Team 65,2026-02-23,127,24.0,0.95,0.09,0.6,0,False,True,True,True,True,True,True,True,Cloud Native,BU A,2026-02-23,52,Emerging,18,5,7,7,0,15,14,[]
Team 66,2026-02-23,286,15.1,0.85,0.26,2.9,1,False,True,False,True,False,True,True,True,Cloud Native,BU C,2026-02-23,54,Emerging,32,10,1,1,2,8,4,['LTDD_Measurability<90% -> Flow capped']
Team 67,2026-02-23,48,23.9,0.91,0.19,0.6,1,True,True,True,False,False,True,True,True,Hybrid,BU C,2026-02-23,37,Needs Support,5,5,4,7,2,14,13,[]
Team 68,2026-02-23,330,5.9,0.98,0.18,1.1,2,True,False,False,True,False,True,True,True,Hybrid,BU C,2026-02-23,70,Advanced,35,15,4,4,4,8,12,[]
Team 69,2026-02-23,63,14.0,0.85,0.17,2.7,0,False,True,True,False,True,True,True,True,Cloud Native,BU B,2026-02-23,37,Needs Support,10,10,4,1,0,12,5,['LTDD_Measurability<90% -> Flow capped']
Team 70,2026-02-23,189,6.9,0.89,0.24,1.6,3,True,True,False,False,False,True,True,True,Hybrid,BU C,2026-02-23,56,Emerging,25,10,1,4,6,10,11,['LTDD_Measurability<90% -> Flow capped']
